AP50_bicycle,AP50_bus,AP50_car,AP50_motorcycle,AP50_person,AP50_stop sign,AP50_traffic light,AP50_truck,GFLOPs,imgsz,mAP50,mAP50_95,model,params_M,precision,recall,speed_ms,val_wall_s
0.4153,0.7113,0.5855,0.6068,0.6632,0.5428,0.3799,0.4579,7.8,640,0.5453,0.3587,yolov5nu,2.65,0.6855,0.4709,"{""preprocess"": 1.59, ""inference"": 94.99, ""loss"": 0.0, ""postprocess"": 3.85}",65.9
0.4475,0.7174,0.612,0.6342,0.687,0.6012,0.4022,0.4459,8.9,640,0.5684,0.3845,yolov8n,3.16,0.6994,0.482,"{""preprocess"": 1.33, ""inference"": 104.67, ""loss"": 0.0, ""postprocess"": 3.57}",64.6
0.5725,0.814,0.6973,0.7095,0.7465,0.6972,0.5141,0.5521,28.8,640,0.6629,0.4599,yolov8s,11.17,0.7401,0.5856,"{""preprocess"": 1.31, ""inference"": 271.97, ""loss"": 0.0, ""postprocess"": 2.89}",157.0
0.4656,0.7631,0.626,0.6616,0.6908,0.5844,0.4034,0.5032,8.8,640,0.5873,0.3994,yolov10n,2.78,0.712,0.502,"{""preprocess"": 1.26, ""inference"": 96.4, ""loss"": 0.0, ""postprocess"": 3.33}",59.9
0.574,0.8267,0.7129,0.7276,0.7575,0.6981,0.5024,0.5711,25.2,640,0.6713,0.4675,yolov10s,8.13,0.7691,0.5879,"{""preprocess"": 1.52, ""inference"": 239.62, ""loss"": 0.0, ""postprocess"": 2.66}",139.5
0.4721,0.7593,0.6276,0.651,0.6817,0.5648,0.4059,0.4836,6.7,640,0.5808,0.3931,yolo11n,2.62,0.7053,0.5141,"{""preprocess"": 1.64, ""inference"": 106.98, ""loss"": 0.0, ""postprocess"": 3.5}",66.4
0.5568,0.8548,0.7094,0.7249,0.7617,0.6685,0.4904,0.5905,21.8,640,0.6696,0.4693,yolo11s,9.46,0.7419,0.6051,"{""preprocess"": 1.38, ""inference"": 237.07, ""loss"": 0.0, ""postprocess"": 2.59}",137.9
0.6477,0.8875,0.7694,0.775,0.8046,0.7397,0.5482,0.6346,68.6,640,0.7258,0.5236,yolo11m,20.11,0.7195,0.6671,"{""preprocess"": 1.47, ""inference"": 711.91, ""loss"": 0.0, ""postprocess"": 4.94}",403.3
0.2959,0.6124,0.4244,0.5175,0.4804,0.4492,0.2182,0.3875,6.7,320,0.4232,0.2758,yolo11n,2.62,0.6677,0.3721,"{""preprocess"": 0.45, ""inference"": 38.81, ""loss"": 0.0, ""postprocess"": 1.73}",26.5
0.3631,0.6844,0.5059,0.5902,0.5686,0.4959,0.3005,0.4326,6.7,416,0.4926,0.3242,yolo11n,2.62,0.684,0.4307,"{""preprocess"": 0.61, ""inference"": 54.72, ""loss"": 0.0, ""postprocess"": 2.18}",35.8
0.4121,0.7072,0.558,0.6002,0.6257,0.5232,0.3511,0.4603,6.7,512,0.5297,0.3529,yolo11n,2.62,0.6755,0.4631,"{""preprocess"": 1.12, ""inference"": 72.82, ""loss"": 0.0, ""postprocess"": 2.66}",46.7
0.5288,0.7817,0.6767,0.6417,0.7452,0.6485,0.4633,0.4968,6.7,960,0.6228,0.4167,yolo11n,2.62,0.7102,0.545,"{""preprocess"": 3.04, ""inference"": 211.33, ""loss"": 0.0, ""postprocess"": 5.61}",127.3
0.4641,0.7948,0.6129,0.6488,0.6653,0.564,0.4065,0.5322,21.8,416,0.5861,0.3954,yolo11s,9.46,0.7026,0.5161,"{""preprocess"": 0.77, ""inference"": 123.95, ""loss"": 0.0, ""postprocess"": 1.76}",74.3
0.5296,0.8301,0.6627,0.6827,0.7188,0.6481,0.4408,0.5636,21.8,512,0.6346,0.4369,yolo11s,9.46,0.7426,0.5485,"{""preprocess"": 0.96, ""inference"": 168.69, ""loss"": 0.0, ""postprocess"": 2.09}",99.7
